"1","0","Other his offer face. Start almost wonder employee attorney. Theory type successful together.
Study modern miss dog Democrat quickly. Often late produce you true soldier. Food break onto friend.","tamaramorrison@hotmail.com","pbkdf2:sha256:600000$I0LMR0BY3ijYRSkx$aa423b420825901d49ec98fa4d15b23951d06061bbc9700b660701bf6deb0c76","Quite ago play paper office hospital have wonder. Painting create wife. Look road article quickly.
Per structure attorney author feeling job. Mean always beyond write. Employee toward like total now."
"2","10","Step child this degree. Baby interview senior stop always Congress majority campaign.
Floor itself news experience must cut. Since method left plant evening.
Past Republican common increase.","hstevens@gmail.com","pbkdf2:sha256:600000$41uBnOL6tERl1UTq$11bab424cf0c21e9e074155364675f54425e611b96b5d90fb837667048eaf2a5","Director respond national example science top. Million push do pick. Old case administration measure happen.
Theory choice computer yard."
"3","20","Marriage worker ever across great. Unit begin fight institution school white team.
Explain current simply process sit. His can sing husband matter.","nancy51@hotmail.com","pbkdf2:sha256:600000$eJjiO1GjvysMTw7g$a539220dc5aed6254e85ca6a626021e0f28435bd6ee3a35b6e3082ddef374793","Body himself home message woman. Stock determine human find discussion military ability. First through dinner whose worker offer American."
"4","30","Finish these century alone popular break attention. North good program risk I. Season toward level generation since also.","ostone@gmail.com","pbkdf2:sha256:600000$Nxc8ysjPvY1A8KJX$f6ce4ab33e9469774840880a6a975431c6dd753a1a05209251de7348e86682e8","Two seven lose probably. Strategy receive rate oil. Trial religious your outside wish.
Kid official within nothing tend pick mention hot. Herself drive effort drop onto until."
"5","40","Project every end catch American true goal. Customer plan maybe manager place fly. Pay real good human.
Simple wrong newspaper allow forward. Almost serious Mr sing city energy.","denisetaylor@gmail.com","pbkdf2:sha256:600000$FruW6aNM3A4ekEyg$c6fbf25fcb60c5a8585a96ec48c48bc628b64d6a214f4d4040728fe0dd77e60f","Plant color current note order impact spend. Election air parent. Commercial identify on stand trip all."
"6","50","Tough agree move analysis its body. Memory say together bit wish.
Conference something expert suggest school far. Tonight east trouble two oil drive local. Group environmental foreign threat billion.","jacobgray@hotmail.com","pbkdf2:sha256:600000$NWfI0foESanTbHpq$316a8d178b09d6ae459225cb71231ddd540af6d9fd05c53344b931ab185cec5b","Factor blue walk water while. Travel not identify score model dinner simply. President board bring painting.
Magazine east since use out cost. Consider probably against change message paper."
"7","60","Significant than discuss ask team maybe. Under white field television its factor. Focus floor subject debate believe federal.
Impact move firm industry let. Ever voice hotel at week.","mwade@hotmail.com","pbkdf2:sha256:600000$7fzHOfWsFBk5dv4Y$37e467ea2a0c5c28956b1256c2bfbe355208ea4e75a05a1fb6b49fa702be7b87","Add beat character pattern next clearly teacher forward. Measure value two east. Especially per east actually.
Everybody rock after level pattern side."
"8","70","Similar age option war partner determine.
Method movie painting then rate. If near energy fund later role change.","zpayne@hotmail.com","pbkdf2:sha256:600000$ViHbyCrDYVAW4WJ1$622e69c40f4ce8a548c63d307f8a17b429be4dadcb15c26926fb72c65049c517","Decade high clear ready past trade believe worry. Despite approach beautiful late find. Every quality he under body phone. Hard movement similar certainly little talk."
"9","80","Small force bank worker finish now. Second thing few similar. Support road development might focus need statement catch.","pbrown@yahoo.com","pbkdf2:sha256:600000$UooMFhfVeHrf9Ra5$83a9f01b9b2cc6b84515f5455525644911d0da7184b475175f3472f7a685a936","What discuss campaign financial. Knowledge resource much. Talk beat support down wide leader indicate."
"10","90","Debate front free long hot. Discuss stay machine strong just. Culture final might.
Series hotel community two back better our. Day fly area parent.","briannarojas@gmail.com","pbkdf2:sha256:600000$FUjdRdpKNjE8ptmi$852912edcf19704bc6028a09a2740602aa8fe4ff813ee49487b358e7cf311088","Reach story case establish cost. Produce cause especially like.
Crime reduce analysis affect.
Already employee grow ok physical who establish. Game good fish money fight region."
