"0","tamaramorrison@hotmail.com","pbkdf2:sha256:600000$HE60w06mvorFo222$8aaf2a0b17524b9130e6fc55bc1b5e2e41fa5eb2d92fdafb0a4db0b1686178a3","Gary","Cross","0.0","Other his offer face. Start almost wonder employee attorney. Theory type successful together.
Study modern miss dog Democrat quickly. Often late produce you true soldier. Food break onto friend."
"1","djoseph@hotmail.com","pbkdf2:sha256:600000$0TFNCwcAcVZNd5xu$07aeea7682567cf7aa6bc9c931e8d04edcab2ac5a09e5f4572ed78278368bb21","Clarence","Alvarez","0.0","Condition heart fact catch even front happen. Full per among clearly. Face house nature fall long dream answer conference."
"2","amyvelazquez@gmail.com","pbkdf2:sha256:600000$fAKmVVX4Co2PDlhy$0ed07a96058d3f6260ec8673deb235afcac0375a530d3e64398532121ec4e757","Dr.","DDS","0.0","Along chance either six success on. At be than always different American address. Former claim chance prevent why measure too."
"3","hhunter@gmail.com","pbkdf2:sha256:600000$5R5rFgJo3l3KGWnO$0df3bfcb0d23fe6ee63f9a34eeb28615f86a507c4bd495ca4bf9c2f49c80e4f1","Shane","Becker","0.0","Type very indeed between similar safe. Social issue indicate. Try while reveal bad audience grow ahead.
Act window standard audience. Debate daughter purpose voice. Security fall ready usually."
"4","fwelch@yahoo.com","pbkdf2:sha256:600000$mpSGLW6XjxGDYqV4$3fa7bf4e90fdda509b2fbc5e0df513d1fa9aec529105cc2b4ba465122e597163","Edward","Ruiz","0.0","Ability recognize peace account fear. Feeling participant interest seem begin marriage which myself."
"5","keymorgan@hotmail.com","pbkdf2:sha256:600000$YKJzJrrQginLV94Q$c3d69232089595d4cd451d85b41634d64c80ad18a2b8ac4895f04d8a1bf3c08e","Tyler","Wallace","0.0","Seem explain black leave. Himself former possible reach challenge value.
Firm decade cost glass work interview man. Somebody keep daughter report town.
Plan that hair sea quality."
"6","nhenson@yahoo.com","pbkdf2:sha256:600000$8wKsTEXwlPbHT9uf$b9d4e3efd7a4cf623e5a01ac770bf101f48b384fd1c19db3460bd71847459aeb","Kristen","Smith","0.0","Next though house where economic detail. Various floor itself news experience.
Represent since method left plant. Discussion budget situation between run. Design they young according movement."
"7","nicholsonmichael@hotmail.com","pbkdf2:sha256:600000$OaZtJvECMViCDGvW$2138d2475a0e3d1d5d0790aeb9fdff14934f13acb7fb435c2089944c209b6c8b","Matthew","Perez","0.0","Large center find power road. Him important enough most save rather.
North but west. About catch than method. Bag down stock computer.
Sea stuff no response."
"8","rfischer@yahoo.com","pbkdf2:sha256:600000$68MoK3cwylbIZqKk$f22c306a8ee8c6abdcb0d1f18eaf6f6ee1a1ad2b80a9de2917bd96406f125a90","Gloria","Smith","0.0","Sing standard exactly election money fish.
Relationship it center accept memory. His less already treatment PM sometimes set. Gun word citizen."
"9","philip24@yahoo.com","pbkdf2:sha256:600000$9UV6datiD6qTjewB$821821aa77f7b19cb8450c14d312358d5bf83976c65fbba9f299f775e70630e2","Rodney","Aguilar","0.0","Challenge term memory clear throughout treat relate respond. Role mind statement."
"10","morriskrystal@hotmail.com","pbkdf2:sha256:600000$JKcCj04ozgJFxrE0$d7d724c78181f4c52139c5845ce7866a5e4d659134b5ee2a684a2c491063d1b0","Lindsey","Oliver","0.0","Ball appear television so teach energy possible. Student bag grow better. Child might source.
Heavy church nature.
Company TV policy drug. Foreign agency when personal huge difficult player forget."
"11","elizabeth32@hotmail.com","pbkdf2:sha256:600000$NxCoRd5VNDnRNPt9$606e1202bd87255f4db375432d3edbda3ad62cfb488a2dd1679a4ca1ade0d0a1","Lauren","Walters","0.0","Tv collection still support these military part. Just raise enough onto try.
North trouble upon beautiful open free. Them although per environmental medical nearly hour."
"12","michelle74@gmail.com","pbkdf2:sha256:600000$S3AOJ75RkHJBN4St$956acf3238c8fe7eb20c6247b586e3431b021af7273b44bc03b97433d6d72d3a","Charles","Roberts","0.0","Usually sea upon full director race. Let left very your stock determine."
"13","robertmason@hotmail.com","pbkdf2:sha256:600000$B8IurdtlwhzSiZC4$5fdd8c22d2428106b86f54a8d93fd60d804649268ae2eea1deb13304ec2a98f3","Jane","Cannon","0.0","Meeting language condition natural. Indicate help north friend. Law go simple improve language.
If share land involve education little direction."
"14","qmyers@yahoo.com","pbkdf2:sha256:600000$d5ZFBb9GsYI4K4hz$dd3568324d883e49d33934c81e92db33116dcb07601d2bbae1880987316da60b","Jessica","Craig","0.0","Chair senior seem west. Week remain decide happy another image. Take one them in.
Whether protect most. Final name at painting room sell daughter."
"15","jenniferwerner@hotmail.com","pbkdf2:sha256:600000$2jVzQaEIKWhqrQdU$4f3d5cbc70783d30b3cf6910f592bbcf4c7f34698d13c0e31b241c259d5c9ded","Tonya","Ross","0.0","Become me story but order leg food. Drop join recognize all structure. Away wish finish within president.
Situation eat thousand. Cause others skill industry old effect fine."
"16","jessica29@gmail.com","pbkdf2:sha256:600000$8eUrdwJErAnz6ntu$62488cda3ca8f0925b258434895142f9c491d05e58625a5e14ff2f190440d866","Joseph","Snyder","0.0","Seven approach speak. Eat report to product outside they eye.
Goal group stop father. Card look safe street current. Fund feeling cause stand visit red. Give point herself official receive may."
"17","grahamcassandra@hotmail.com","pbkdf2:sha256:600000$GWq82MX1GhOEKWJP$71189d29b3518f2cedb5ff83396055d3a27407b459a3bf22316c1c06e92752a5","Brandon","Reynolds","0.0","Be financial plan phone step country article. Firm woman section magazine.
Tree especially position learn senior today mention next. Part instead city type short rather. Once born control white."
"18","mary59@gmail.com","pbkdf2:sha256:600000$up6kWCAYTeD02Pzl$9cb2c82807cce83c8e01451fd54606668176f17a43cf06cdb54b7ce3992c120e","Margaret","Moore","0.0","Effect forward magazine movie base. Keep since my necessary million trade. Popular stock memory challenge.
Choose himself north professional. Environment few voice thank local option five."
"19","haley65@hotmail.com","pbkdf2:sha256:600000$vPifx5BrrqoWrwxD$9be83ab18f43aa9d4df67cb6b09a8518c49e806be2144706532bab39d1d7fe6d","Michael","Davis","0.0","Tell boy arrive. Several past next final. Table loss detail put risk yet."
"20","blackdillon@yahoo.com","pbkdf2:sha256:600000$UtwbvsrEprXpLRH2$fd83a4b57d364aecc05254d3f42a1de7c4a8f921d2adf1220da9326d9bfa758c","Tiffany","Santiago","0.0","To movie seven concern attention. Wind heavy anything strategy hope return. Call report must charge alone pattern might."
"21","pjohnson@yahoo.com","pbkdf2:sha256:600000$kJK4YngK1rvRa2lj$ad5b5e8ebcf880bd28ec999f41320c1ad9185b624e387f85baae29abb409fa89","Joshua","Anderson","0.0","Member sign life successful season. Civil account blood his either. They enter identify participant environmental them really. Fund remain team body all."
"22","hsmith@gmail.com","pbkdf2:sha256:600000$fJLgKlNsfoABm9TT$0afd4dc95756267f33ce8c10fb25508e3e72655b3f568dab4417bd40f08b1b1f","Ashley","Osborne","0.0","Shoulder decade rich director population measure student cost. Open wife owner.
Message list table scene thing responsibility. General simple cost develop left.
Listen small reflect put again big."
"23","alejandromeyer@hotmail.com","pbkdf2:sha256:600000$wMnEmNeyCd7aE6Rj$67f011b05d530b08ad25972a9aef5516ad33471136826f04c0bc46f17bc1a209","Jeffrey","Alexander","0.0","Face key when also. Citizen to produce list run safe figure. Allow star forward leave art practice.
Us lawyer finally until help. Interest amount understand hard."
"24","kimberly24@gmail.com","pbkdf2:sha256:600000$ImQ1QZGlQkZh00cv$4b94701e8dd65007933766048d505f726f11ab64a297c88b950cb0cbda4aa6ac","Frank","Galloway","0.0","Yet possible account question. Pretty wish standard single conference.
Plant color current note order impact spend. Election air parent. Commercial identify on stand trip all."
"25","tracysosa@yahoo.com","pbkdf2:sha256:600000$NjuRZ2znBAkrLaaa$ae5fc8af48bd049336e5b41300746478f554a32c469e936e0c7a9ae9bc708b2d","Rhonda","Vaughan","0.0","Rich yeah simple guess member hour movement. Benefit thus mean certainly value create agree likely. Model cause letter career election few turn."
"26","amandapark@yahoo.com","pbkdf2:sha256:600000$r3wkHpbpg89py8Cr$ea56d03d7727b8ab9ba3b4dec778bec07a7343fec9ce6b2315cea604e131bde5","Natasha","Myers","0.0","End time trouble stay beat PM. Put lay too strong forward interesting.
Speak cause compare difficult discuss call share. Between seem building care door natural."
"27","sarah03@hotmail.com","pbkdf2:sha256:600000$jQVYq6ClE3CiZ1x8$ffc122d96619d65647a0fa907132f5d99f8db10271686de7e53235d1ba26ee16","Patricia","Brown","0.0","Investment science task spend candidate whose. Couple year person understand back use me.
Onto continue machine loss. Its contain such approach although. Smile reveal third option."
"28","ikane@hotmail.com","pbkdf2:sha256:600000$AyLASUKkmtgNdjSN$98cf2a782fe8269418b0652e334a496d9d82a204750c2b0378dd947a2aa1a12c","Carlos","Cardenas","0.0","Start fund reality no work collection. Behavior both long toward.
Soldier heavy enough. Education training see we find knowledge treatment development."
"29","hannahgibson@gmail.com","pbkdf2:sha256:600000$VdN4h7OaQu8SvBKr$9912f95c75997eb12099d1dada46c411bb9b0dd74d051e44121a8cf6bb3f3c72","Victor","Serrano","0.0","Something camera himself.
Prepare blue tend house staff. Success ago five information.
Speech other question indeed message picture study. Full road nothing defense customer."
"30","harry14@hotmail.com","pbkdf2:sha256:600000$fUSizNMWMhzeB76h$d15291bdcaac52564b63af6007fe511e7469cb7b3fc955eb906317e78c6e141c","Christina","MD","0.0","Magazine family vote support. Oil drive local cover interview us up.
Less physical media artist. Husband lot start find cell animal ready."
"31","marcus16@yahoo.com","pbkdf2:sha256:600000$styDVlJBovneS5Sc$847bd5035ce9b6b2897ae2963f743d39463478617a239f30c519a90a940a598c","Daniel","Bishop","0.0","Subject yet forget open.
Number property view adult financial. Body program after scientist ever travel feeling. Customer season owner traditional fill.
Simply wait similar blood really child lead."
"32","george54@hotmail.com","pbkdf2:sha256:600000$msg34gmtZ5GWG0KP$40ae922114a8c1d7894ff149b27bc99099c628429d062ae34b87e9e8c20873c6","Anthony","Meyer","0.0","Director accept teach short water. You out thus close. Some various watch. Bad character cost home."
"33","iperez@yahoo.com","pbkdf2:sha256:600000$fBZ0rLlp1Q35x3s0$c51dad69600cce4709e2e4ea88e2be7670e715282653e78a09c197da07943252","Whitney","Roberts","0.0","Look give sense fine street make. Even health television perhaps. Travel determine someone hit team."
"34","pauldiaz@gmail.com","pbkdf2:sha256:600000$ThBp0pvhdfE3Z75H$92a207ac95808c510c64f302eb689c808d3958d6e5fa05d004eb7a447ef03762","Tyler","Pace","0.0","Or try such or much tree book. Network deep politics I American tonight try PM. They now population in full.
Event under same commercial. Itself tax activity mission industry skin."
"35","mcculloughpatrick@yahoo.com","pbkdf2:sha256:600000$3waOy3ODMTaHx6Ao$442e2384a5c506baa82dc1e583a8fe135c27a1e2aa8059dac1486b7e434a74f9","David","Mckee","0.0","And give source share budget ready.
Moment better of music defense ok still beyond.
Television never discuss truth. Hundred anything morning surface the."
"36","kristinperry@yahoo.com","pbkdf2:sha256:600000$uzdaBe8U35rwFW8X$7c8c12834b99a4078c3f99792ea1b31ee6e1d024a1b736b4fcc5d774dcf48ed2","Jacob","Roy","0.0","Environment list weight. Add beat character pattern next clearly teacher forward. Measure value two east.
Chair cover care time agree. Feeling moment herself space wife."
"37","colonconnor@gmail.com","pbkdf2:sha256:600000$mzpv4HKQK5rtNKeK$e22746055efd8cbfc523d6566a11d0c163e16e6251f89d9f592553fc09d7a7d1","Cassandra","Martin","0.0","Describe economy goal government medical science. Sound use walk inside yes book step. Least available between lay physical high."
"38","osanders@gmail.com","pbkdf2:sha256:600000$mnHiHNbedsYrZpN4$051a89c33bac22e546534cfe4d6eba3f6e89042985a8d554c0fc715bffc2d47d","Keith","Ramsey","0.0","Report through pretty note fear. Both purpose ready become leader difference. And big probably tax financial scientist sign attention. Itself customer daughter start quality if list claim."
"39","samuelfritz@gmail.com","pbkdf2:sha256:600000$QwBpp841m6XgPQoa$908bccae2f7b7433ab47360589323e782ef6649317eb0b25723bda0458486c38","Anthony","Buck","0.0","Political traditional probably article last. Charge author themselves other today PM."
"40","matthew99@gmail.com","pbkdf2:sha256:600000$lbUjEMIxUdFxUbpk$2481093ed84575d7b0558e6467d1c14cddd4245d92692cd29ab51226f0ffcf2f","Kimberly","Jones","0.0","Firm instead dream surface. Very well religious those report reason. Society attention heavy debate cover."
"41","bflores@gmail.com","pbkdf2:sha256:600000$1esQqjUHNg1HYpMY$2208c9db3f1c0cd6e032e65e79cb0236f123fc9b652f5a21573c6d84d959db20","Dennis","Howard","0.0","Degree use day dog. Point fall spring choose power management.
Political at film kitchen environment method myself. Pick structure wrong figure."
"42","williamsmith@hotmail.com","pbkdf2:sha256:600000$ttBLJaumI3K6itBW$f0a9514502d3dbdc2263e7814db82a1eaf782fecea0700f27fedf1fc69a111ca","Lonnie","Robinson","0.0","Image lot party mother purpose family east within. School word year establish generation TV response. As his seven stock. Decade high clear ready past trade believe worry."
"43","stephen84@gmail.com","pbkdf2:sha256:600000$C5217ZnskzgulaDY$3bbde7f3c15d75f4ca211f2b46b94b5c9204d7dcb536a989f671fbe66c7e7b59","Kevin","Hansen","0.0","Someone management pressure feeling. Charge or put upon rather claim also. Good from glass type structure so magazine."
"44","dwells@hotmail.com","pbkdf2:sha256:600000$I5YbngjUy4zX4uWx$030caa9391066bfa5f6fc47380163b236752abf0fb3cd270e5f202f6ed6bda4a","Kristina","Higgins","0.0","Example state into. Deep travel baby cover. Last join list ever pull research man. Pass adult allow boy own keep."
"45","saraperez@yahoo.com","pbkdf2:sha256:600000$VgrKc3gL70B0uwap$6d4f3f606b318e085a76d8e12b5c64b67166125082aeb17e09cb836109418dfc","Olivia","Meyers","0.0","Wind radio less must cut style.
Step test several news through way.
War film Mr different admit break. Land operation walk according party. Program address agent life true. Change area either."
"46","iclark@yahoo.com","pbkdf2:sha256:600000$eRcZvHn7BZrZqRsf$60573c430f2187ac95308f9353475a39a94f5c82d06c3fc03925a75fd4cd9fa1","Casey","DDS","0.0","Say pass finally onto. Strategy against value quickly. Value institution wait maybe before.
Level wind finally pretty well list per. Professor difficult player last."
"47","deborah72@hotmail.com","pbkdf2:sha256:600000$f1lGScbpUrt2bSDw$1677c48f037905266ea47181f2c37ce911f480347f87750268b656baca4ab8e4","Shawn","Gregory","0.0","Important decision past eight miss anyone loss. Include our company. Others throughout attention.
Forward against federal hot here."
"48","cynthia17@hotmail.com","pbkdf2:sha256:600000$yuIVRag6Rozp3R1L$ad0993275d7a172e025757e58998a7186d8c444e911fff847a5b0c5d6831af2c","Chelsea","Burke","0.0","Go issue yet build administration mouth happen thousand. Bad billion film. Fact focus arrive year event yet."
"49","george63@hotmail.com","pbkdf2:sha256:600000$REGDQU5cS49WnNAL$702f02596aba445bda65234ba8280f84162f01cc8bdfcb9b6bab23be98804be2","April","DVM","0.0","But city operation might. Reason training several research water behind lose.
Number beat mission sound employee international. Reason run yourself until federal part."
"50","greenshannon@gmail.com","pbkdf2:sha256:600000$AvFVkJUiVtKBlDWj$7f1ab3c8da9e4689ae075534a226ffaea3362ca35dbb0a72758d1d870be2c685","Cheryl","Acosta","0.0","Job lay whose despite myself black hot. Score sport prepare none. Matter attention response. Cut day job animal right man.
Hope part everything often pick. Attention among than."
"51","diazstanley@hotmail.com","pbkdf2:sha256:600000$E669FN7j5WHW18hw$293717b368d5d337044e673e6096cb523719c7a2444e3875bcab25d927e4248d","Tonya","Mckee","0.0","Thank boy find. Truth one usually type hotel. After plan why now father music high.
Large different listen draw. Body friend central.
Staff better final state."
"52","salvarado@gmail.com","pbkdf2:sha256:600000$WTRlZvNDT0oekSCk$3aad30139cff154a857131a1971313dda9c415363f18d3ec4cc58e7f215784fd","Raymond","Nolan","0.0","Indicate region different leave act range live along. Since training food low respond set. Several test morning article attack."
"53","jadegutierrez@hotmail.com","pbkdf2:sha256:600000$fwIdjv6fBjly8bOR$8834ce0ea10eab5da8f6902e690e2ef78bfa63e77fa47b93aa57f78b1c3ebb4c","Ann","Rodriguez","0.0","Sell statement deal style fish. Together painting value alone could maintain. Relationship no decade.
Direction campaign Congress push modern young. Research out I artist. Put him local sing money."
"54","katrinanielsen@hotmail.com","pbkdf2:sha256:600000$H9AxcHRwQBJ9c9Sn$5fbdc19c0ee55fa972802b55cc5fe11c161f252cfb1bf52e0c551761cb1ca4ff","Benjamin","Long","0.0","Close every just least democratic stand record produce. Bar last generation across. Go east trip election could. Already employee grow ok physical who establish."
"55","guzmanmichael@hotmail.com","pbkdf2:sha256:600000$eAzYdiid8O0RLgAI$89cbcb4cb618084985162a536a0f4e353d551c1af3aa748b50a87ef2588207de","Thomas","Hernandez","0.0","Try wait side part west hold. Rather understand machine theory history design institution.
Quality author somebody car. Both bill situation war."
"56","rodriguezthomas@yahoo.com","pbkdf2:sha256:600000$GgOUUBJnPKqh1DeN$7caf1bf97b2ae0f4124ad35e0d145010c10322994971ef798efed6583456a7cf","Mary","Wood","0.0","Collection personal network nature cost red. Loss safe growth range quality several red.
Assume successful her however. Idea opportunity fish civil point clear collection."
"57","sjoyce@yahoo.com","pbkdf2:sha256:600000$pAHaiMcmv0Ygq6Um$a57376c34768053c7fe18a6be8cf1500c5dcaa26ea012be684f67c34d52f85f3","Sarah","Stewart","0.0","Food sure vote economic gas five world. Image him soldier suddenly myself imagine kitchen. Prepare fight crime water."
"58","kcharles@gmail.com","pbkdf2:sha256:600000$ubsJCbLtKUXWO1AF$37accfe902b6e27f5feeaf1099b66288dc7a383bc95ffadf8591a69442f99770","Rachel","Cooley","0.0","Pattern concern toward fast spring produce. Point fine over red teach time. Rest sound help day reality decade. Meet news economic make require score.
Card safe significant first. Wish raise report."
"59","cathythomas@gmail.com","pbkdf2:sha256:600000$ubGpbbDR6e5W3Wjo$8ccb09270c8bd234677ba39d84149731ad22b42e6c8f49f743e90092c0c2b4af","Chelsea","Potter","0.0","Town recent blue politics firm phone. Mouth dog magazine particularly. It message meeting free.
High body a senior them general family. Though another consumer better."
"60","gregory68@yahoo.com","pbkdf2:sha256:600000$r2SJVkacrRg6D3ln$9d75114c2a66e639751fb2ad3087eee693cc9ce7e8ba1b4408cd1242c17f135f","Penny","Blanchard","0.0","Visit indeed school because. Since loss rock. Kid many space live measure agree guy.
When effect join example agency. Partner daughter wind term."
"61","lmyers@yahoo.com","pbkdf2:sha256:600000$nRqiKaqaXkQin0TQ$497594f9c6d2715f44847576679270a619d6a984ade44b3512fb73e0ec2b1e3c","Krista","Allen","0.0","Energy defense tax discuss according structure follow attention. Research late manager.
Quality dark tough subject effect message west. Yeah whole more understand."
"62","fletcherjeffrey@yahoo.com","pbkdf2:sha256:600000$4Sw2tLSu5767JhWP$c39bafe33d41281fb984a2b9499cc22969a61a3ada8b0f51fadcd1a0748e6d70","Amber","Goodwin","0.0","Others beautiful adult effort support. Down teach with food.
Society should think stay special behavior the. Take body suggest ten."
"63","garciasharon@hotmail.com","pbkdf2:sha256:600000$0s8UAwezyFndmNT1$08647a37189f5e1a2d188658b20e90be0784eb445c23d32cf0451603aae7a888","Melissa","Evans","0.0","Address guy month not ahead. Case case away.
Whose worry close religious environment. Take reach fly fact. Water nature boy reach dream truth."
"64","michaelwright@hotmail.com","pbkdf2:sha256:600000$ycUbOp2OMRbYJRDn$ce338ec614b4c0d1971a8607ef1f80981559a357677a35fef00e3936e3e62260","Eugene","Lee","0.0","For strategy various. Hear edge picture agency.
Key every up successful. Baby cause onto worker mother other candidate."
"65","lreilly@hotmail.com","pbkdf2:sha256:600000$o2jtECR7twXlR86B$5c2b829c769c750f579918c69349e6358162d2241977a4cb5c4d122d49be0108","Rebecca","Norton","0.0","Professor oil professor help business. Address social clear market.
Goal sing challenge market management. Check event administration end."
"66","hdurham@yahoo.com","pbkdf2:sha256:600000$1ofVwX80vOGoWQGA$5d310a664645a7c8be32ddf7f27a1e12eb895f33046f099ed7b8c823ecff7277","Eric","Berry","0.0","Imagine including study deep accept old. Congress help cut threat. Suggest wish travel admit allow reduce everybody especially."
"67","ibright@yahoo.com","pbkdf2:sha256:600000$vvGoNb9TZmGw3pvG$8a21a9e491e55765ebd4c20ec4b2289d55461ffcb034b470bb51cbba45bdf14b","Kelly","Harrison","0.0","The shake federal few building. Interesting second here cell writer avoid.
Read dinner be certainly property."
"68","uwade@hotmail.com","pbkdf2:sha256:600000$UqOf8ONU9Vqyi1Sp$b602a0967f8ca51244a162e278f89548fab443017d117f5f4bad22599eb37438","Tammie","Lang","0.0","Success list campaign happen. Record right conference tonight fight study. Fill character court its property trade ready. On everybody author room skin."
"69","jonathan19@gmail.com","pbkdf2:sha256:600000$ezmuszWM3kyL1UX8$52917400b5bec990153977ca0d1ba341c60b454fd0d1be7c8ecacbe5b1be80b5","Kenneth","Hughes","0.0","Better red about perhaps green. Science door bar save.
Bank once ahead team worry big indeed tree. Officer everybody off special drop even. Ability picture manager product shake agree about."
"70","makayla28@gmail.com","pbkdf2:sha256:600000$wKGdsWAoiztAtujk$d3094ed66abf23d2ba0c03f9ec166815b34e96d7c32123e7d755d91ef0930185","Linda","Wilson","0.0","Thought analysis commercial everything. Each once explain very perhaps rock. South up charge else that suffer should."
"71","lisa61@hotmail.com","pbkdf2:sha256:600000$8mrlJc3lnGsxfgW3$62a16c7a6aa191a1ecc1044f4ba4f9efe3a2179a5c300d69ab668310bf9780a7","Larry","Jones","0.0","Thus he behind certainly policy smile kid. Quickly daughter country cut environment edge name down. Long pattern catch woman raise easy popular."
"72","fingram@yahoo.com","pbkdf2:sha256:600000$kKH513YYJcvkw3ti$d2b0aa37cd5f7bad5ebf6a24b1b535b91cf17e5d1712bba7893aac5293f08093","Kenneth","Jones","0.0","Course campaign power why main. She trade federal answer kitchen goal."
"73","mstevenson@yahoo.com","pbkdf2:sha256:600000$6OVbiTyE5oru9pOn$f13013154ac7c728e4587d090f17023101b248e68a5318a27cbafb42c1ff9e33","Martin","Reeves","0.0","Mean power dog safe feeling. Man fast however industry buy score general behind.
Environmental item majority police important. Run behavior recently."
"74","tgarcia@hotmail.com","pbkdf2:sha256:600000$9yXIdFslpMKus4vJ$0c01180320423fbb48a9e69186632df325b9d8508f96e38f35e54355af4b2c67","Lisa","White","0.0","Many Mr something. Glass picture run quite since population.
Send state former. Kitchen carry movement law.
Line attention take evidence. Stop foreign indeed."
"75","dakota98@gmail.com","pbkdf2:sha256:600000$6jey7mtwYhNKH6Av$0783f2a55199591951862f82201220717a6ce19fc5fed259e92c818798d24f48","Samantha","Ward","0.0","By term quality study. Challenge whether past couple. Report high poor energy news.
Card culture help official."
"76","hickmantina@gmail.com","pbkdf2:sha256:600000$3kPJyGQrw63l9uzl$c0a4cf2d76e3180e0d998622b0da0e287c4ed398286d2e1da58bff6d3858e465","Andre","Brown","0.0","Fall bit nation reach write certain wide. Role agency lose sing player old. Possible chance manage position water Democrat."
"77","hsantiago@gmail.com","pbkdf2:sha256:600000$jZMmSlsZY9ALqn7U$1b771d96b87a1695a7d056a96ed3f98da34c8b2565acd2f10abad972c478b100","Sara","Lopez","0.0","Us fill analysis hope safe picture. Could positive organization each do.
Bed color station old turn. Benefit represent who nice."
"78","adamseric@yahoo.com","pbkdf2:sha256:600000$njH09JL0drMLVEsj$37785e7846e48a75dd2ac72b49bb7618e376874dac4668204ebd562a85b58c70","Charles","White","0.0","Letter fast yes ground everything develop role. Tree choice someone prepare. Baby social successful fight."
"79","wongmichael@hotmail.com","pbkdf2:sha256:600000$MUWqKc8SudP3NF6v$b1a0ab8d61432f7ab9acf44edd7697acc39139795afa7e0d02ba406d34722067","Stephanie","Carr","0.0","Year toward design. Heavy degree wonder make. Could consumer help area piece.
Road north speech reason shoulder after control. Short environmental save goal task mention author."
"80","wsmith@yahoo.com","pbkdf2:sha256:600000$NXMVnsuavJ6u9va3$deba30ac16397fde9f2a687fb2e4bf0141d4c7265b25b78f45cabd3ba615f584","Michael","Waller","0.0","Discover first high wind since. Goal pretty fall clear ten ask.
Doctor nothing chance community special. Do professor drive team into arm relate maybe. Seem put entire PM."
"81","lorettamack@gmail.com","pbkdf2:sha256:600000$yvdF267xKec5j2O4$0a581790869775ad533cb0dc2bf21a0899b7eca5852e83c2c6c244aad9af8017","Jessica","Riley","0.0","Very daughter fill product station team clearly. Clear born trial.
Community ball of instead tonight yet order. Here control major hope economy important much loss. Boy move skill effect."
"82","creid@gmail.com","pbkdf2:sha256:600000$HzaAsLiddPnEC0go$6b252eb6069223c0129bd91cc4da0f1280d25e0cdeb622b6ebb98da0846a2a66","Jeffery","Castillo","0.0","Southern will speak or. Health billion region.
Woman and society traditional suggest event organization. Thing risk value two technology get. Issue new quite threat."
"83","ustevens@yahoo.com","pbkdf2:sha256:600000$wsrTROqLhMaiZyzT$f780f5ddc0c70c3fa7317e1a5a10265aa1186ce1745bc57922d5ac3103be6bfa","Timothy","King","0.0","Always for natural. Provide vote hotel check push fight case. Outside create performance such.
Address service ever impact explain civil positive. Health finally effort. Activity born alone around."
"84","kayla98@yahoo.com","pbkdf2:sha256:600000$CZdM8EFYer2Xswhk$de518ad0237e1d519e16e9d02f5daa66527b945939d693cbfd55a6fd3d849b41","Sherry","Miller","0.0","Hot style might evidence. Decision many program space high about.
News particularly system side development edge. Occur common group example although study role travel."
"85","mooneykristy@yahoo.com","pbkdf2:sha256:600000$KDoj2vAeqvYlBzV4$f52643064a40498f625cecc353c2ed37674f7c58b0af22b7e74c5eb895800a0f","Christopher","Christensen","0.0","Enjoy join goal test animal enough. Particular institution lead rock.
Fall very it eat likely town unit. Many cold firm push student. Find paper dinner hundred doctor body result attorney."
"86","smullins@hotmail.com","pbkdf2:sha256:600000$OdQvokaXECAVFqWh$2e002a409d01749d7c4a11499c3d4c75c39f4f576014f0859785dc13eccd7de7","Danny","Cook","0.0","Sort mind job this story room recognize. Forward section reveal walk letter amount difficult show. Defense ask action top identify close now."
"87","pcarter@hotmail.com","pbkdf2:sha256:600000$cB2ITGkM862Wcttl$ccb1524e0a486935c55eb3a30bf0c6223be07363b1527e0ce85bfa72e58a8ecf","Yolanda","Thompson","0.0","None toward benefit. Sing hour offer report after build. Hospital about write sport former bag news.
Bad no agree sit night do kid. Add standard south."
"88","hdrake@gmail.com","pbkdf2:sha256:600000$X5btBaI3K6D6gVJh$64ba204ad42bfb3a4447e8f1a35058f17f42bb8e7a72a17ccf6ce8ca00b980ae","Lauren","Vega","0.0","Unit visit pay budget kitchen upon. Off plant commercial address artist strong page."
"89","ybrown@yahoo.com","pbkdf2:sha256:600000$UlXOWITwgOlB8LhV$494482cb53f3670cca169210b15f5b4854499308baed09874fd9a7afbcd80d96","Michael","Brown","0.0","Hospital small some. Program movie perform. Painting drug decide family present likely wind.
Rise direction he democratic me must whose. Bed few there energy."
"90","sstewart@yahoo.com","pbkdf2:sha256:600000$yJkaIEHk2GtCnmre$0d51c584a369bf67e12fc20f3264de875d1ba7020364f313b2ca0fd3dce487ce","Christine","Anderson","0.0","Film pay economy professor. Move tonight skin artist. Scientist let look sister gas face offer.
House water rock look old week."
"91","gregory93@hotmail.com","pbkdf2:sha256:600000$TLEOmGgW6X69vkcT$279cb413ca9eb34b2783b0f44c0e4d52ba32a6f4591919f45a17d8eabddbbf36","Karen","Cline","0.0","Real around soon stay fight easy rule. Very hit force avoid draw western.
American course response hotel PM why if. Heart particularly night money occur pick become."
"92","juliebarr@gmail.com","pbkdf2:sha256:600000$DB0SwbVT0k8eUR3D$681f41ba4e82ec120c9b9e778b8e9663b8157967b63a21096df6c07e07480244","Angela","Bright","0.0","Leader foot your art return college country. If cup true let tough collection head when.
Information life near force group all lead hard. Carry experience budget bit mention officer compare."
"93","boothsandra@yahoo.com","pbkdf2:sha256:600000$KizLyUGViapPxBo3$103241704e5c167c8a1cc96f0f03301eac301b8bf1df0975a96c5dee98052c86","Amy","Diaz","0.0","Kid network truth property half deal. Green camera authority dark. Inside write talk. Inside mind especially against measure action because door."
"94","seanmatthews@gmail.com","pbkdf2:sha256:600000$V5gtprcDxja2eH5k$f373524735ca160237b3fe5e4ae9a276138ea2ee0b17c6ac3d04a4dfa01119f2","Sheri","Chambers","0.0","Spend whom plant cultural. Central sport quite western serious. Head should order impact within himself could. Imagine believe talk education policy shoulder research."
"95","kennethlopez@yahoo.com","pbkdf2:sha256:600000$Fv8ShvSdg6LcjNn0$d777332cf6dee7da04835d185f6ab84835bd6b03fc93456102877e786215ed01","Michael","Hodge","0.0","Wide American owner while forget eight look concern. May enter language black.
Face carry fund be strong front. Coach note and. Individual decision yes end."
"96","dustinclark@yahoo.com","pbkdf2:sha256:600000$w7KvPdir0HSAIWyd$eb53304af47cd61ec9346661339f6b7a7a820e0d88f7cb3ea08e8b07ed6261ba","James","Wilson","0.0","American wrong president evening network. Night raise those three military realize. Executive door benefit include song oil."
"97","garciarhonda@hotmail.com","pbkdf2:sha256:600000$JsJ2McKMrRUDcHol$ecc435cd1ed168555e4ac89d6debfe1319d9dbf0ad5af2836d54dbab551d8bc7","Stephanie","Larson","0.0","Imagine performance then way. Especially prevent tonight score but talk job. Language red other phone.
Begin out admit forward myself free. Majority painting nothing matter available each research."
"98","powellamy@gmail.com","pbkdf2:sha256:600000$Cd77lAUIgHWGtsTw$11c24c295f265b0c1b8634d816026a22233dd9a9dbf6cb086d1cab11a3148567","Amanda","Whitney","0.0","Since address TV. Factor manager against may factor nation.
Exactly kid teacher. Actually marriage table statement us. Process until brother strong star treatment. Catch apply to easy coach consumer."
"99","hoffmanbeth@hotmail.com","pbkdf2:sha256:600000$IoEBSpnse2g45hDi$b800c50819eb497583c7414d9ef19c4a3bc31ba769791ebfd7bfd4fcd0afc050","James","Bass","0.0","Foot number PM notice. Think kind should data true accept. Upon someone pick agree we after record.
Remember fact guy. Arm from left nothing within."
