"0","tamaramorrison@hotmail.com","pbkdf2:sha256:600000$I0LMR0BY3ijYRSkx$aa423b420825901d49ec98fa4d15b23951d06061bbc9700b660701bf6deb0c76","Gary","Cross"
"1","nstewart@gmail.com","pbkdf2:sha256:600000$A5G7qSkHR4pOxNj2$da09dc5f0202dc129d1c4d3aafe3857897652604d363454f261b93a54f48f4d4","Michael","Griffin"
"2","kellywoods@gmail.com","pbkdf2:sha256:600000$fe7Sz8Jn1qX9QCrE$1ab2562ea10cb7fceed3a561e2b91c765dc4791da19cddf1a9588e05343529e6","Steven","Bowman"
"3","shealaura@hotmail.com","pbkdf2:sha256:600000$YWX6pF1hk3peHY3U$bbcae58dae38517bff845b9ddf02aa0650a60c96520c40a5d411f1351490e679","Kristie","Roberts"
"4","epetersen@yahoo.com","pbkdf2:sha256:600000$MJ9qKqFENuEmbJ5O$269c1aba4210c938aaaa9f16e2b1c295e13192910b39f8b5cf1320e0269307ef","Kellie","Sexton"
"5","bscott@hotmail.com","pbkdf2:sha256:600000$kOmaeSLCYgTRYW9Q$e5b9478d8931f64c59e32a3c14e41f36c6b134d7c90107cdd17007469e383a8a","Wayne","Reeves"
"6","qcooper@gmail.com","pbkdf2:sha256:600000$cBTmebHwbxFtRgD5$e58da12461078c0b649e5090d8456d1831bfb56dc7c632e046f562d316e084e1","Steven","Clark"
"7","fwelch@yahoo.com","pbkdf2:sha256:600000$9hz2p4BPNFpoxdpd$5533c3380ee351e11e8dd751e22ac37a519242acf46de65ef5dbe5a93963597b","Edward","Ruiz"
"8","amandajenkins@hotmail.com","pbkdf2:sha256:600000$IrxG7SwG58hdvDgF$ed6dde098fa06c693d52acd4df4cfb064d75e8ffd156ada446f63a7ae60a1706","Paul","Gomez"
"9","lauragonzales@gmail.com","pbkdf2:sha256:600000$YPn7QUsVU9WeDU3R$a5569d10dcdbc8cc0c589cb3c7833a9426193b83b65d2d478098dcee92e34a94","Michelle","Cruz"
"10","hstevens@gmail.com","pbkdf2:sha256:600000$41uBnOL6tERl1UTq$11bab424cf0c21e9e074155364675f54425e611b96b5d90fb837667048eaf2a5","Jesus","Nguyen"
"11","kmalone@gmail.com","pbkdf2:sha256:600000$0873EehhHf813lf0$6d1bc338d7323776bc98e1e58ec59a79d2f2f9cabd906ff7b3668f62ca986655","Courtney","Valdez"
"12","kingerin@hotmail.com","pbkdf2:sha256:600000$GH0UB6lFrLxeWigX$89c98ebb622b4e42d9cb3333c06a85c6dec3d899677a9a1e236a9785812fe078","Henry","Moss"
"13","cward@hotmail.com","pbkdf2:sha256:600000$rmxTeuIl7EqKaq1C$4b6adbef9aaa9395491d92e66c618b41e2e44158426b865652dc8a66ef976a8e","Derek","Mitchell"
"14","richard29@gmail.com","pbkdf2:sha256:600000$WzFapqlfL0E59rjf$033238846a772ce448d85086ecea288a79d9bd71607ccde7e034cf14ee01d3cf","James","Mccall"
"15","bradleybrewer@hotmail.com","pbkdf2:sha256:600000$nWcaD0Iy8uAlp9Za$1694f60cfb0f4ff14f2733e8e470170cc0b0e8fb139b66ca28b7e4c7aa10bb50","Kelly","Mckinney"
"16","natalieford@hotmail.com","pbkdf2:sha256:600000$GdZw7Y2F1JbepBit$2d5597c7d6dcd02bca8bc02a591a6a48182e63df2d6df8b675561261292d1d3f","Gail","Blackburn"
"17","eknapp@yahoo.com","pbkdf2:sha256:600000$Me2VUFTKXlEdmoPm$74f06466027840d3672ee1309e913c83c7aa86a5c48e538e5ea8e091ad9fa81c","Joseph","Jones"
"18","pford@hotmail.com","pbkdf2:sha256:600000$4QGk4qOBvlxYSW7Q$82888066c4aaca55183dadb96d24bc6f6fdc7eb1861cca6018660291a858ee6b","Tina","Thompson"
"19","elizabeth32@hotmail.com","pbkdf2:sha256:600000$QUVJV9FMgyZLPx2i$8ee8e9810bf7a0626c71e8231344e0ddcb5282d5876fcab832e9612cec24f1a4","Lauren","Walters"
"20","nancy51@hotmail.com","pbkdf2:sha256:600000$eJjiO1GjvysMTw7g$a539220dc5aed6254e85ca6a626021e0f28435bd6ee3a35b6e3082ddef374793","Troy","Hawkins"
"21","jwhite@yahoo.com","pbkdf2:sha256:600000$p1JWULOXf6E4ssgL$b156839a4b1b138b31ac08fe94916034e7bc044abdcfb0477f64cd7edf752b81","Anna","Landry"
"22","angela30@gmail.com","pbkdf2:sha256:600000$T8gCcEFZoiBargTv$08dc6271661e6b6f4147fee47c87d0772560279d25e32c4accdba15babde1555","Cody","Crawford"
"23","mosesalison@yahoo.com","pbkdf2:sha256:600000$IpGOLDo9KjiICEBw$92291a591b54bc500911a8c131aeff5f7319b3080104095189ae11f8a2be95c4","Pamela","Allen"
"24","wendysteele@gmail.com","pbkdf2:sha256:600000$Zwoj5sJydFUPXhsc$6de27f6f1e453e91d9b4c389edcacd6dc93bbf28ef29f956116f7a08990ea12f","Whitney","Austin"
"25","hartmanrobert@hotmail.com","pbkdf2:sha256:600000$IoaUP3VRjUWXas3J$36248cb90d37e071d77af286038165f67454e5dcf24e09e867d07321ec7d4124","Kim","Ortiz"
"26","martinezchristopher@gmail.com","pbkdf2:sha256:600000$Cx3ppks3VPvfXYg0$7ed29a819341f461f89149e0469f3fab98922d0aee6590b8bb2e95d45feebe7c","Kristin","Ibarra"
"27","qstark@yahoo.com","pbkdf2:sha256:600000$9VNRgnBCtlIDBGM4$455e4451ec1d8fbe211c2a8f9896bc605ab6a74a1d2307aef2861c88b70ba54f","Eric","Taylor"
"28","waynebarnes@yahoo.com","pbkdf2:sha256:600000$DRh7PX7zfFlfxPix$cd28913cb4ff210229e1ffecfc3c6d0ed90861f595f23786ee8b4781bd9dccb2","Daniel","Mccall"
"29","vschneider@gmail.com","pbkdf2:sha256:600000$r2u9shjqyDqficcF$79cbc1778b82c329477581021d97debdad051ddff52f38d48b8a601cc5a1fe1f","Brian","Kelly"
"30","ostone@gmail.com","pbkdf2:sha256:600000$Nxc8ysjPvY1A8KJX$f6ce4ab33e9469774840880a6a975431c6dd753a1a05209251de7348e86682e8","Abigail","Hoover"
"31","christopher96@hotmail.com","pbkdf2:sha256:600000$3MTAVMzSW0YEF4y1$5931ab895d3d2c25e74b910a7dea6473721b3a6acc50b9b4038bbeb2554a5e40","John","Robinson"
"32","craighenry@yahoo.com","pbkdf2:sha256:600000$Po6v1blWQfte9g7x$33a8d0a9ba6da44e700860cd05c11c826628fb9ffd8aecef3b6868da96092d5f","Noah","Smith"
"33","belltina@gmail.com","pbkdf2:sha256:600000$AzzvqyKuOCOXON6V$a53fa9f5491d5ddb49d7e655dbd479c52986995ceac1a3b8edd601ceabfeb9e6","Linda","Russell"
"34","abigailjohnson@hotmail.com","pbkdf2:sha256:600000$5bOORl5R4i5APDKr$2116239851dd50c32ec265eb9fb555bc99171e594b9369cf28aa58dca58bd21b","Katherine","Moore"
"35","robert88@gmail.com","pbkdf2:sha256:600000$7g1wilGMhc2p4rqL$3fad2347e6c8ebbca8d8c6097afcb48f810fe79382a9b2211709185ab329f734","Michael","DVM"
"36","codyherring@hotmail.com","pbkdf2:sha256:600000$kb3uT1wgJWORAbVn$0f38def06d6da9a74d9e6bfbe74e9cacd82404538a5b47157efb11e08b9d3842","Erica","Le"
"37","tgilmore@yahoo.com","pbkdf2:sha256:600000$68G86wYOBPyzZgVU$8065f33b81ed487b56fb529bd0ecfa1b5010fe370fc061492a039f425136362f","Kenneth","Castro"
"38","justinbonilla@hotmail.com","pbkdf2:sha256:600000$9pGDMB5BC3I3seoO$e8c5bf471b4d414d50090681cf53e550179934ad5684b55e898b519f71f44778","Daniel","Patterson"
"39","webereric@hotmail.com","pbkdf2:sha256:600000$KgmpayWJBYNrdPFC$a625cddef66c0be0c1fdce6c8dbcdfa4767240fa4dfc774c946076a2ef44281b","Douglas","Yates"
"40","denisetaylor@gmail.com","pbkdf2:sha256:600000$FruW6aNM3A4ekEyg$c6fbf25fcb60c5a8585a96ec48c48bc628b64d6a214f4d4040728fe0dd77e60f","David","Steele"
"41","tracysosa@yahoo.com","pbkdf2:sha256:600000$MiE022YEAPA0cCGj$6e45c11ad8b26069d64ce8fb0c563a4b6af6666406f6d84488c18a290db0f1a4","Rhonda","Vaughan"
"42","charles27@yahoo.com","pbkdf2:sha256:600000$Yf66WFmuq8XiMVdm$b7f71f8798f22ec2bee955eb6db012b94a6fc971a67ae82f7950961af1144455","Zachary","Diaz"
"43","kathryn26@yahoo.com","pbkdf2:sha256:600000$aw2V0tIxmd517eDa$cf4d5cfc0fa4875d2573061fdcfca5c6f22ee99b8a2d40461275ef3a75539602","Charles","Taylor"
"44","morrislarry@gmail.com","pbkdf2:sha256:600000$SwpoSfBIK8wK6aCd$49d0a7d479bcf6ef93efd50c9701e0ab2b0142629113870c020b353b5dffa045","Joshua","Whitaker"
"45","samanthawhite@gmail.com","pbkdf2:sha256:600000$cSqmYVHgmgzEQ8ad$68440304ee675a1b8bc7db6e69308f634681e388724c05368129baa29f6a877f","Stephen","Waters"
"46","brownmatthew@gmail.com","pbkdf2:sha256:600000$UX6f2PLoxLfKytwj$5391e5aed950f9767e4af8793649e8893e06a38becaad545f14f8273ac9ffdc5","Sara","Davis"
"47","obarr@hotmail.com","pbkdf2:sha256:600000$VesoRzRiYRQ7x4zp$0ac4d8ef6e98f979d55c0385b3a333e199111f42b57cff59aa440cae2cf02618","Samantha","Morgan"
"48","hernandezmeghan@gmail.com","pbkdf2:sha256:600000$AB3TXkmhemH5HZHS$62cebb8001b17988c08791f52fa57ae02b72e24c181bd8065fa62a47086de765","Rita","Moore"
"49","austinwilson@yahoo.com","pbkdf2:sha256:600000$PoLBL78bO9K9d1H4$72e5ac83fc98addc2c51e2662b144a089d423b67b343d142f986156554f0f983","James","Santiago"
"50","jacobgray@hotmail.com","pbkdf2:sha256:600000$NWfI0foESanTbHpq$316a8d178b09d6ae459225cb71231ddd540af6d9fd05c53344b931ab185cec5b","Michelle","Estrada"
"51","tylercollins@yahoo.com","pbkdf2:sha256:600000$BBRTn4K0DGLKGO1M$35789040c95493184d0e79bfdf67935f54e4ddc0e9c0d52f61eb098eb3215a21","Dr.","Davies"
"52","porterjoel@hotmail.com","pbkdf2:sha256:600000$eY1y6E7S8O3EFaLz$c1243a569bb4342a1086f18a58ef231991c4fc28cd8abb207873004931d97235","Thomas","Velasquez"
"53","tammy10@yahoo.com","pbkdf2:sha256:600000$wSEII02P4939D9Zu$df43d5dba2fd192f3ead8e6efe1fdd27b258bcd5e833722a13936a7cb0ac1c93","Christopher","Mitchell"
"54","christianhernandez@gmail.com","pbkdf2:sha256:600000$ds6wbHrwO1TwCObO$0587b7d9a8134d50ff2b355bdff6ad96a0f757079e933e9b02b46ac05a536824","Jeffrey","Griffin"
"55","randallwendy@yahoo.com","pbkdf2:sha256:600000$DFUyWfv6kknmizXy$cb1dcb9108127cdcb02d78d3c10f9a1fb4d5ddaa54686948d593a4e31d9062fb","Chase","Foley"
"56","heathercrawford@yahoo.com","pbkdf2:sha256:600000$F6xTGY31ZVJ8pfos$6164dadef98ce4266659917c7371641d9f49ae157767ee43eda30beb1363e101","Matthew","Cisneros"
"57","pauldiaz@gmail.com","pbkdf2:sha256:600000$vBdgL0YQ0wpctCPh$cd325165f63fdcdaa598c1c27b1cfd101029c4db084321beca9ec7776d445c97","Tyler","Pace"
"58","victorlewis@gmail.com","pbkdf2:sha256:600000$1AGOzvhaHqHBlN6Q$5317735af5907d1abcebec7ecb8b1dae2e998c1244da030458ab22f85639ad47","Matthew","Beltran"
"59","armstrongcolleen@gmail.com","pbkdf2:sha256:600000$WmQXuymMvERA25Ka$cd50642e5dddacd727ad31c3e4adf7d2a2ec6d5c52355fbf6bbb8c80a7c8d97b","Sandra","Powell"
"60","mwade@hotmail.com","pbkdf2:sha256:600000$7fzHOfWsFBk5dv4Y$37e467ea2a0c5c28956b1256c2bfbe355208ea4e75a05a1fb6b49fa702be7b87","Matthew","Jones"
"61","colonconnor@gmail.com","pbkdf2:sha256:600000$BTcCUL26PWvzv1fW$17f4dfa7af44449c90c1fc08c6d7f21e67f412ecb72f94c01a92ac8a08ecd0cd","Cassandra","Martin"
"62","nancyadams@yahoo.com","pbkdf2:sha256:600000$c7pSS5YvtCswb5E6$2f75bd9ed83a35c46cb101a17420c27db79b2c92f1db0567ef8ac0cdf98d1934","Tammy","Peters"
"63","jharris@hotmail.com","pbkdf2:sha256:600000$UWbXScXj8lEvprvI$25531769d18a1c76f9889d08dadfb81f037d79515dda9057978fb7e93993114d","Steven","Rios"
"64","hcarlson@yahoo.com","pbkdf2:sha256:600000$GJMOQHhyLmAZDCgO$b3a7f55dd30d42111bcfa306ef71fcb87533858d4d651162284bcabdd4ad6388","Shelia","Silva"
"65","mitchellsteven@gmail.com","pbkdf2:sha256:600000$ZT9ZYVitjrjodsO4$0456bf872bfa586714b973e9249f18561fc1a338da004f27c99ae91e48bdde1d","Jordan","Moreno"
"66","stewartrobert@gmail.com","pbkdf2:sha256:600000$5kSkP9QJM81gh9Rh$d6997f6deae9c141a04ae28aea4c7c44f8a01d1ae40b36831eec62fd44698bde","Michele","Gill"
"67","melissa05@hotmail.com","pbkdf2:sha256:600000$XBo4ivfsKS2j2euE$4a39d743bf692e92de090b4f89f604a0f310bb6d225aae4f336e05cd9a635a03","Dalton","Joseph"
"68","oadams@gmail.com","pbkdf2:sha256:600000$YwrkXxtYbBslstKj$0ee7f17b6391e91bf58e879e14d91a213d37cc045f5bbe6a05dcdfc5c90eb360","Aaron","Callahan"
"69","bflores@gmail.com","pbkdf2:sha256:600000$o7N3lq2YYJYhS65U$e527ebc3ddd141909dcfee871527deaa4c7f19e16ae5f3dcd28242c7b6f41161","Dennis","Howard"
"70","zpayne@hotmail.com","pbkdf2:sha256:600000$ViHbyCrDYVAW4WJ1$622e69c40f4ce8a548c63d307f8a17b429be4dadcb15c26926fb72c65049c517","Rebecca","Henry"
"71","austinnathan@hotmail.com","pbkdf2:sha256:600000$YY2i4XiwZh9G44s3$6d823ecea785624304a09e0411cdb0f339911d9f5b26662810fd1b00fc10e7e9","Darrell","Rodriguez"
"72","kylesandoval@hotmail.com","pbkdf2:sha256:600000$OGzEVKDziSlWjTlY$7c85bedb2eb690eab4da56f91b1fb2e83c1345fb92b16a481540abe745e06588","Sarah","Lopez"
"73","andres10@gmail.com","pbkdf2:sha256:600000$cZg03fXH7MHDupsW$8b04889632e3596f1aa55b67c68a9256f994506fcdded4c561a729112248b790","Katherine","Rivera"
"74","saraperez@yahoo.com","pbkdf2:sha256:600000$zXvAtTAWJZjG8abk$36188cdf2188f281f254fe973ddcaa14f6287e15afce305682a75ee68ba4c926","Olivia","Meyers"
"75","meganhernandez@gmail.com","pbkdf2:sha256:600000$Gb98uIqZfHAtrCR5$f8eced37e1827ebdae507c1321f9fca24c04d00d155efe8f95beec1e39a05776","Ronald","Franklin"
"76","lcollins@gmail.com","pbkdf2:sha256:600000$od1l2myiCk5Elb4F$84223b34e456cf396cf2eed0f0c3583ed067bcda8c734bf9713e307a355e5465","John","Graves"
"77","john71@hotmail.com","pbkdf2:sha256:600000$CKT6f6pSa389PzWl$13f33bec613e720cd716e4b06df4efeb4070e3a7dd635a1889724b664111dc08","George","Butler"
"78","deborah72@hotmail.com","pbkdf2:sha256:600000$ojpLuWRPEKN872Q2$f57fc5c664f5c6f76d3ae0fabbd68da943f717b91c4dedc60045d7b6ee5216dd","Shawn","Gregory"
"79","irwinwyatt@gmail.com","pbkdf2:sha256:600000$zh9TEEGdKtjYdxYG$79b345def06dd38aa198115692a8ac0e40b7a69feb34aa68deda0fa6bd345e40","David","DDS"
"80","pbrown@yahoo.com","pbkdf2:sha256:600000$UooMFhfVeHrf9Ra5$83a9f01b9b2cc6b84515f5455525644911d0da7184b475175f3472f7a685a936","Mark","Chapman"
"81","ffranklin@hotmail.com","pbkdf2:sha256:600000$3yz41Zd81cenTYHE$91b674ac6be785663adbdab3c5a77e2e749c18f283dcedda1d42b61d684ef1ca","Michael","Stout"
"82","monica99@gmail.com","pbkdf2:sha256:600000$sxvDIIMQ32gs5UCs$2de4996408d57c3fc6f558bbbe022f2d017e1786cf339c070ba7125578ad06ac","Erin","Williams"
"83","justinfields@hotmail.com","pbkdf2:sha256:600000$kaia36Mu73alabdx$cfe57267804300811650e46b0d7fc60d61e72ca0522ca426edda8791f99f1ff5","Christian","Martinez"
"84","averyshannon@gmail.com","pbkdf2:sha256:600000$wZMOzsMLL3WwbZN9$8c6d7069769ce6f815f7fbc3ad9709842cde09e3fb47fbe7eebc2a0952525d07","Erik","Miller"
"85","brittanymendoza@gmail.com","pbkdf2:sha256:600000$NinV20TS0kEiNmA7$4b2eeb4f1af2a7dcf8b713653bff2a1173f5298136bf4632aa4cc360e5fe2b9f","Adrienne","Friedman"
"86","taylor42@yahoo.com","pbkdf2:sha256:600000$Z4HnlcgAPFt62vzl$94a3b03e1e397d5405f16b6698e0ab19a6c5479291aa2f1593939eca40fb14e2","Justin","Adams"
"87","jacksonlori@gmail.com","pbkdf2:sha256:600000$gsqxejvvjOGYzpW3$09e06eeac321ade598ba0d46272b6af4e6f3921e2559a61787d57b45f13b3f53","Michelle","Welch"
"88","michelehicks@gmail.com","pbkdf2:sha256:600000$UsDFfUPwRcikk2QY$f6d03b0cde20cbf89ae4016313e243592ef886c2b906f2b94a98633c28208162","Laura","Johnson"
"89","robertsmakayla@gmail.com","pbkdf2:sha256:600000$xqwqsOkpWYjBYdRw$f4904474f765762ae56dea19ef6b5b1adffc6b6771fa05408af4f762620ca50a","Benjamin","Ayers"
"90","briannarojas@gmail.com","pbkdf2:sha256:600000$FUjdRdpKNjE8ptmi$852912edcf19704bc6028a09a2740602aa8fe4ff813ee49487b358e7cf311088","John","Sawyer"
"91","amber45@gmail.com","pbkdf2:sha256:600000$d4o2m3SvZxWacVKH$63ceb42013c011778c46d2bba017124b3886b1f118df05a7aab4d43804c1d048","Kimberly","Gardner"
"92","fjones@yahoo.com","pbkdf2:sha256:600000$QwJgsCwkMcDsP5Z5$20db27e648e05a56961ace00f542941e9d1d933a06b90c230c07e4ef924dcedf","Kevin","Holloway"
"93","clarkcameron@yahoo.com","pbkdf2:sha256:600000$yKrs9mKjpb1rFiCa$f64f81b78207c89f74d9c3070107b07ae931b009359b1e752d2948f7b603309b","Kara","Edwards"
"94","shelleybird@hotmail.com","pbkdf2:sha256:600000$iw3cTiUHl1QIbE7P$361708495d888c77c745f8b67070e6dc0f9d63650a21c1cb6c03bd0d91a80ef8","Scott","Martinez"
"95","christina00@hotmail.com","pbkdf2:sha256:600000$MiNgGofysLGHE8hu$561a2a4da70fd25db65c8ee139c8e8b6b7a40d7b721bffe889c80503be852414","Stephanie","Montgomery"
"96","christina29@yahoo.com","pbkdf2:sha256:600000$9oZtLSgc3NKRFoly$66b03b98c3b6929d406402e0019f5ee84b161ce32b4a5d198934231f9eb8e035","Erik","Evans"
"97","kurtellis@yahoo.com","pbkdf2:sha256:600000$pANBcM5B4xJ56Qls$e629774e3e2053624b8d217d06bf71019207709e43c4d9d3abf491e84b7a8d04","Eric","Myers"
"98","cathythomas@gmail.com","pbkdf2:sha256:600000$Vo312d4EH3G66N8N$6799ba6b7c6010d6ef6f374230548e1188cb6c35d9797e53c131e06e57fb9f1e","Chelsea","Potter"
"99","logandillon@gmail.com","pbkdf2:sha256:600000$PwYIM6mdR1vvGAei$555f8d88a08af9c4e44ceb8785e360195d25c31c1234680f78d51813dfa5ddd1","Amber","White"
