"1","0","Quite ago play paper office hospital have wonder. Painting create wife. Look road article quickly.
Per structure attorney author feeling job. Mean always beyond write. Employee toward like total now.","tamaramorrison@hotmail.com","pbkdf2:sha256:600000$HE60w06mvorFo222$8aaf2a0b17524b9130e6fc55bc1b5e2e41fa5eb2d92fdafb0a4db0b1686178a3","Themselves true power home price check real. Score from animal exactly drive well good. Pull opportunity throughout take car."
"2","10","Affect station member although. Of challenge check skin.
Job trial four easy case member.","morriskrystal@hotmail.com","pbkdf2:sha256:600000$JKcCj04ozgJFxrE0$d7d724c78181f4c52139c5845ce7866a5e4d659134b5ee2a684a2c491063d1b0","American focus something who blood. Certain hotel should.
Under require page claim future in. Truth ten seven both happy central group line. Send cultural whatever computer on fast play."
"3","20","Mind perform over ten tree pull likely. Owner ahead generation shoulder day popular window key. Radio stay century law before everybody power.","blackdillon@yahoo.com","pbkdf2:sha256:600000$UtwbvsrEprXpLRH2$fd83a4b57d364aecc05254d3f42a1de7c4a8f921d2adf1220da9326d9bfa758c","Tough subject customer far recently prepare. House central baby picture choice could."
"4","30","President board bring painting. Group member it chance our.
Consider probably against change message paper. Bill seat no type save.","harry14@hotmail.com","pbkdf2:sha256:600000$fUSizNMWMhzeB76h$d15291bdcaac52564b63af6007fe511e7469cb7b3fc955eb906317e78c6e141c","Write friend kitchen gas fly. Spring room with travel responsibility. Admit who ok final soldier.
Take budget agency century strong anything trial."
"5","40","First air thousand certain group professor. Republican face past behind. Their window them particularly admit live. Away debate positive somebody our.","matthew99@gmail.com","pbkdf2:sha256:600000$lbUjEMIxUdFxUbpk$2481093ed84575d7b0558e6467d1c14cddd4245d92692cd29ab51226f0ffcf2f","Tv between camera live. Trip occur accept technology all describe coach.
Worker laugh action short us likely machine. Stuff seem spend full particular."
"6","50","Pressure ball financial field. Pay marriage model exist data send.
Best score gun him hand. Risk him decision walk account bill mean point. Book from detail free remember hard.","greenshannon@gmail.com","pbkdf2:sha256:600000$AvFVkJUiVtKBlDWj$7f1ab3c8da9e4689ae075534a226ffaea3362ca35dbb0a72758d1d870be2c685","Dream four probably.
Pm event wait describe four blood make. Inside see wait myself before.
Idea beat myself remember. Tax year you region list."
"7","60","Family challenge effort natural indicate early quality. Single test operation development trip song sure. Model report manage.","gregory68@yahoo.com","pbkdf2:sha256:600000$r2SJVkacrRg6D3ln$9d75114c2a66e639751fb2ad3087eee693cc9ce7e8ba1b4408cd1242c17f135f","Marriage look hand somebody citizen house each black. Third situation customer every. Reveal difficult article certain director good toward street."
"8","70","Use still successful south risk tough. Film marriage write in idea huge. Bring fly approach.
Force back offer subject particular. Hour able discuss beyond. Information as receive difficult yard age.","makayla28@gmail.com","pbkdf2:sha256:600000$wKGdsWAoiztAtujk$d3094ed66abf23d2ba0c03f9ec166815b34e96d7c32123e7d755d91ef0930185","Mission suggest site page town. Religious herself bill impact ask floor.
Street perform drop recent. Family along community whose."
"9","80","Interest program state certainly. White play affect significant entire away.
Especially class already herself attention. Source know all herself degree as.","wsmith@yahoo.com","pbkdf2:sha256:600000$NXMVnsuavJ6u9va3$deba30ac16397fde9f2a687fb2e4bf0141d4c7265b25b78f45cabd3ba615f584","Across expert subject.
Book wonder development peace early.
Many house often police resource season. Painting environmental executive successful. Knowledge human feel they."
"10","90","Light officer election important brother join. Least music technology oil adult. Impact would general wall about.
Why response young group carry foot. Popular red arm unit event wrong time.","sstewart@yahoo.com","pbkdf2:sha256:600000$yJkaIEHk2GtCnmre$0d51c584a369bf67e12fc20f3264de875d1ba7020364f313b2ca0fd3dce487ce","Statement report make. Partner process know politics food. Season behavior carry education room line because.
Street take former describe need. Stop cover behavior rise employee."
